{
    "epoch": 30.0,
    "total_flos": 2.3515974247797965e+19,
    "train_loss": 0.07091858377127398,
    "train_runtime": 7238.3055,
    "train_samples_per_second": 41.467,
    "train_steps_per_second": 1.297
}